{
  "timestamp": "2025-09-23T11:58:28.243700",
  "data_stats": {
    "strains_count": 881,
    "samples_count": 1796,
    "storage_count": 1793,
    "boxes_count": 0
  },
  "database_metrics": {
    "count_strains": {
      "avg_time": 0.0017537275950113933,
      "min_time": 0.0012576580047607422,
      "max_time": 0.002004861831665039
    },
    "count_samples": {
      "avg_time": 0.001768668492635091,
      "min_time": 0.0014884471893310547,
      "max_time": 0.002312183380126953
    },
    "count_storage": {
      "avg_time": 0.0018695990244547527,
      "min_time": 0.0018422603607177734,
      "max_time": 0.0018961429595947266
    },
    "count_boxes": {
      "avg_time": 0.0018680095672607422,
      "min_time": 0.0017931461334228516,
      "max_time": 0.0019485950469970703
    }
  },
  "api_metrics": {
    "api_status": {
      "avg_response_time": 0.7550935268402099,
      "min_response_time": 0.08417892456054688,
      "max_response_time": 3.340028762817383,
      "std_dev": 1.4454611635853396,
      "success_rate": 0.0,
      "status_codes": [
        400
      ]
    },
    "strains_list": {
      "avg_response_time": 0.06061878204345703,
      "min_response_time": 0.04499530792236328,
      "max_response_time": 0.08448004722595215,
      "std_dev": 0.015206048865121894,
      "success_rate": 0.0,
      "status_codes": [
        400
      ]
    },
    "samples_list": {
      "avg_response_time": 0.08654356002807617,
      "min_response_time": 0.06966829299926758,
      "max_response_time": 0.11768507957458496,
      "std_dev": 0.018661350499360255,
      "success_rate": 0.0,
      "status_codes": [
        400
      ]
    },
    "storage_list": {
      "avg_response_time": 0.07329287528991699,
      "min_response_time": 0.06711006164550781,
      "max_response_time": 0.08490180969238281,
      "std_dev": 0.0069054139385068,
      "success_rate": 0.0,
      "status_codes": [
        400
      ]
    },
    "reference_data": {
      "avg_response_time": 0.06920199394226074,
      "min_response_time": 0.0449528694152832,
      "max_response_time": 0.10320353507995605,
      "std_dev": 0.02171194417687156,
      "success_rate": 0.0,
      "status_codes": [
        400
      ]
    }
  }
}